slot,tx_count,compute_units
110592000,0,0
110592001,27,419670
110592002,20,94530
110592003,206,862400
110592004,0,0
110592005,0,0
110592006,0,0
110592007,0,0
110592008,0,0
110592009,0,0
110592010,0,0
110592011,0,0
110592012,0,0
110592013,611,1837671
110592014,213,247187
110592015,154,75245
110592016,0,0
110592017,1399,1188952
110592018,585,297965
110592019,172,119666
110592020,538,1514200
110592021,103,319225
110592022,1046,387495
110592023,164,396867
110592024,0,0
110592025,0,0
110592026,0,0
110592027,0,0
110592028,1729,1731794
110592029,472,1427162
110592030,1644,887056
110592031,370,523300
110592032,1896,1452302
110592033,1677,1320506
110592034,1292,1538607
110592035,1043,1240078
110592036,1541,822317
110592037,1298,1651734
110592038,1155,1683653
110592039,697,1817366
110592040,0,0
110592041,0,0
110592042,0,0
110592043,0,0
110592044,1076,2876162
110592045,771,3909133
110592046,1099,1388076
110592047,835,1360869
110592048,1695,1782150
110592049,1743,1603620
110592050,1472,2655415
110592051,1621,1862987
110592052,3506,1681851
110592053,1363,1792390
110592054,742,2062094
110592055,660,2039834
110592056,0,0
110592057,993,728097
110592058,1249,796508
110592059,1023,1723630
110592060,0,0
110592061,0,0
110592062,0,0
110592063,0,0
110592064,0,0
110592065,0,0
110592066,0,0
110592067,0,0
110592068,639,370579
110592069,1093,1742953
110592070,376,1512550
110592071,382,2009521
110592072,0,0
110592073,0,0
110592074,0,0
110592075,0,0
110592076,0,0
110592077,0,0
110592078,0,0
110592079,0,0
110592080,0,0
110592081,0,0
110592082,0,0
110592083,0,0
110592084,1764,2373032
110592085,903,3557872
110592086,688,3593892
110592087,502,1165107
110592088,0,0
110592089,1575,1070367
110592090,1031,2300679
110592091,974,1765990
110592092,0,0
110592093,0,0
110592094,3339,2774098
110592095,1149,4732451
110592096,0,0
110592097,1272,1537333
110592098,950,1606394
110592099,429,1768850
110592100,1331,887209
110592101,439,1519840
110592102,859,1558951
110592103,649,1976538
110592104,1028,1501281
110592105,382,1814600
110592106,1134,2151122
110592107,656,3162626
110592108,1447,1923667
110592109,898,1899349
110592110,661,2464446
110592111,535,2634350
110592112,1222,1600805
110592113,463,2975307
110592114,788,2415955
110592115,849,1740950
110592116,1397,2435144
110592117,437,2066815
110592118,653,1961599
110592119,994,1477400
110592120,1190,1498534
110592121,1007,2236398
110592122,575,2251512
110592123,523,1841694
110592124,1108,808590
110592125,713,1066620
110592126,725,1807992
110592127,395,1485413
110592128,1006,1635368
110592129,256,1471575
110592130,941,1101200
110592131,752,1366175
110592132,451,663137
110592133,1057,1113256
110592134,197,619166
110592135,79,303552
110592136,1029,606291
110592137,868,378567
110592138,1100,582588
110592139,158,603595
110592140,2364,712484
110592141,571,651066
110592142,2113,740234
110592143,202,336114
110592144,1155,415261
110592145,1621,413513
110592146,1541,369099
110592147,778,380323
110592148,1223,407185
110592149,1747,254857
110592150,1125,416301
110592151,918,305849
110592152,1695,484626
110592153,2057,756444
110592154,1013,294507
110592155,250,325649
110592156,2420,389553
110592157,1191,366371
110592158,1673,579268
110592159,244,309110
110592160,1044,145926
110592161,1422,767551
110592162,1509,572709
110592163,1247,1340735
110592164,2735,1136697
110592165,1771,3346731
110592166,1211,2093644
110592167,1065,1267571
110592168,2810,1045977
110592169,1619,2236508
110592170,693,1409507
110592171,2580,1551763
110592172,2802,2221974
110592173,631,2310310
110592174,1409,1718090
110592175,886,2757067
110592176,1893,631749
110592177,1143,939656
110592178,832,1198875
110592179,910,1473101
110592180,1557,385170
110592181,916,874936
110592182,1292,1040009
110592183,1242,959841
110592184,0,0
110592185,0,0
110592186,0,0
110592187,0,0
110592188,1852,2031987
110592189,902,1820001
110592190,1040,2294473
110592191,583,1692316
110592192,1199,841227
110592193,1030,1484358
110592194,1389,1686284
110592195,1620,1702015
110592196,2422,1189412
110592197,1854,1432994
110592198,1373,1598342
110592199,2016,1634437
110592200,1208,581959
110592201,1364,854061
110592202,1357,1023484
110592203,768,825062
110592204,2080,1282119
110592205,1643,1546169
110592206,1369,1367702
110592207,1576,1554562
110592208,1907,1462017
110592209,1976,1908473
110592210,1547,1729193
110592211,1615,2358628
110592212,1415,753252
110592213,817,858325
110592214,969,529246
110592215,1064,823152
110592216,3499,1880518
110592217,2236,3171578
110592218,1506,2086269
110592219,1238,3590345
110592220,2856,1902411
110592221,1552,4489257
110592222,2753,2797369
110592223,581,3291203
110592224,2203,1536293
110592225,1451,2878786
110592226,1457,2085542
110592227,892,1997830
110592228,1465,1055671
110592229,1236,1308980
110592230,1323,1547001
110592231,1384,1683503
110592232,1589,488760
110592233,919,1163482
110592234,912,905767
110592235,1237,1063186
110592236,0,0
110592237,1606,1101542
110592238,1435,1282190
110592239,1306,2008461
110592240,2114,1108743
110592241,1763,1624722
110592242,1056,1139462
110592243,1028,1244525
110592244,1170,487255
110592245,1091,1331577
110592246,1681,2037092
110592247,1424,1689621
110592248,1816,1150517
110592249,1934,1628503
110592250,1659,1240756
110592251,1339,1602196
110592252,1510,934340
110592253,1817,2182681
110592254,1677,1798711
110592255,1726,1837386
110592256,1515,1361330
110592257,1590,1752321
110592258,1366,1289019
110592259,1756,2348341
110592260,3089,2375062
110592261,2202,2892870
110592262,1877,3318603
110592263,1558,4147420
110592264,1681,1275593
110592265,1448,1362921
110592266,616,667127
110592267,1547,1600583
110592268,0,0
110592269,2341,3080919
110592270,2900,3019102
110592271,1630,4017578
110592272,2042,1410786
110592273,1515,2193963
110592274,1374,1947319
110592275,1910,2264284
110592276,1128,1160982
110592277,1363,1568868
110592278,1548,2075706
110592279,1968,1947486
110592280,2160,2030723
110592281,3180,3702826
110592282,1355,3220491
110592283,1420,2660747
110592284,1423,81318
110592285,1365,119888
110592286,1054,116672
110592287,1126,311392
110592288,2950,2313284
110592289,1743,2841280
110592290,1792,1576596
110592291,727,1713943
110592292,1086,935661
110592293,1165,1294828
110592294,1901,1642794
110592295,1546,1680024
110592296,1617,803639
110592297,1651,1594572
110592298,1255,1360783
110592299,1207,1252608
110592300,1906,941444
110592301,1365,1153673
110592302,1348,1580363
110592303,757,973686
110592304,3644,3106611
110592305,1852,3971294
110592306,1977,3092152
110592307,1338,4177506
110592308,1666,1227574
110592309,1574,1800066
110592310,1237,1786770
110592311,1836,2091888
110592312,2393,2283718
110592313,2003,1935389
110592314,1103,2664266
110592315,1034,2250496
110592316,3992,3130349
110592317,2452,2570580
110592318,1542,2056528
110592319,1375,2195056
110592320,0,0
110592321,0,0
110592322,0,0
110592323,0,0
110592324,1489,1752189
110592325,860,2706014
110592326,1672,2572050
110592327,1013,1993494
110592328,3326,2970287
110592329,881,2691341
110592330,1915,2894375
110592331,898,1538543
110592332,3121,1334727
110592333,887,1719862
110592334,1374,1620344
110592335,1424,1606843
110592336,2508,2112963
110592337,1663,2491703
110592338,792,2067353
110592339,1530,1610163
110592340,0,0
110592341,2255,1507859
110592342,1396,1538328
110592343,871,1553302
110592344,966,732186
110592345,1315,593050
110592346,1301,1270522
110592347,1304,1704735
110592348,2772,1692314
110592349,2532,2647218
110592350,1874,4287420
110592351,763,2147925
110592352,2011,1517464
110592353,1119,979900
110592354,636,921577
110592355,1330,1552047
110592356,2039,1291920
110592357,1644,3711106
110592358,1420,2745952
110592359,1915,2288313
110592360,2712,2775088
110592361,2321,1711468
110592362,1357,3314976
110592363,1776,2865465
110592364,3642,3181333
110592365,1266,4248329
110592366,1732,3461791
110592367,1381,2623289
110592368,0,0
110592369,1631,1419906
110592370,1383,1824097
110592371,1261,1575070
110592372,3736,3548600
110592373,1938,4415975
110592374,1642,2459908
110592375,1324,3870467
110592376,2909,1978612
110592377,1799,3375493
110592378,1751,2767447
110592379,1112,1736939
110592380,1726,1078426
110592381,1634,1448024
110592382,1022,1630431
110592383,1785,1548471
110592384,0,0
110592385,0,0
110592386,0,0
110592387,0,0
110592388,1506,1177660
110592389,473,1130334
110592390,702,2125126
110592391,1811,2399920
110592392,3246,2865407
110592393,801,2141008
110592394,1201,2270003
110592395,2411,4723198
110592396,3603,3522090
110592397,1076,4947158
110592398,1723,1910409
110592399,686,1733043
110592400,3249,2067201
110592401,1494,3310464
110592402,1847,1182676
110592403,1115,2145252
110592404,2874,1752189
110592405,1730,3010959
110592406,1045,2109466
110592407,332,757849
110592408,1948,1497179
110592409,1716,2060767
110592410,1503,1794742
110592411,1766,2140458
110592412,2951,2203492
110592413,1792,2488136
110592414,821,1301704
110592415,1036,1191299
110592416,1968,1873740
110592417,1941,1602593
110592418,1310,1814807
110592419,1986,1429888
110592420,4136,3302442
110592421,523,2607472
110592422,338,1334087
110592423,2520,1392973
110592424,1465,932754
110592425,1349,2173334
110592426,964,2230233
110592427,1296,1569168
110592428,3063,2619045
110592429,2036,2308487
110592430,1029,1581482
110592431,1098,1681797
110592432,3413,3634961
110592433,1666,2608244
110592434,1251,1464004
110592435,773,1358044
110592436,3476,2957151
110592437,1160,2333123
110592438,1707,1697941
110592439,2184,2532057
110592440,706,69365
110592441,1092,17874
110592442,899,795748
110592443,947,939009
110592444,1512,1777575
110592445,1586,2013754
110592446,1481,1504170
110592447,1499,1983298
110592448,3956,2807433
110592449,1707,3284861
110592450,1306,4608195
110592451,1502,1787081
110592452,0,0
110592453,0,0
110592454,0,0
110592455,0,0
110592456,1243,963840
110592457,753,1687536
110592458,1267,2204494
110592459,1198,1188801
110592460,1803,1275898
110592461,1738,1827165
110592462,1678,1949455
110592463,1384,2400926
110592464,3329,3986799
110592465,1745,3525529
110592466,2100,3012921
110592467,2172,2928832
110592468,0,0
110592469,0,0
110592470,0,0
110592471,0,0
110592472,1372,1799097
110592473,479,2145192
110592474,1473,1433696
110592475,1068,2873251
110592476,1434,2476022
110592477,1042,1494950
110592478,1361,1637580
110592479,1392,1636396
110592480,1045,156238
110592481,1333,1430496
110592482,1463,1527945
110592483,1877,1490290
110592484,0,0
110592485,3012,2244408
110592486,2325,5142051
110592487,1146,2569545
110592488,1350,1997788
110592489,0,0
110592490,0,0
110592491,0,0
110592492,0,0
110592493,1676,741716
110592494,2010,1543413
110592495,514,1002594
110592496,1830,936955
110592497,1836,1608828
110592498,1670,2272493
110592499,1356,2562065
110592500,3307,3333625
110592501,1268,3110636
110592502,2146,1791332
110592503,1293,2958474
110592504,2954,1157853
110592505,1115,5184368
110592506,984,3673630
110592507,1928,2527288
110592508,3061,1663429
110592509,0,0
110592510,2384,1869758
110592511,685,3207846
110592512,3342,3393154
110592513,607,2665936
110592514,1693,2400798
110592515,992,2520308
110592516,3689,2501258
110592517,1131,1900370
110592518,370,1324794
110592519,2257,2136460
110592520,3464,2898123
110592521,1028,2641860
110592522,1262,1351012
110592523,1887,2209877
110592524,1527,1671613
110592525,1842,2271986
110592526,1808,2129820
110592527,845,3064647
110592528,2166,2236040
110592529,1816,1612671
110592530,1375,1417317
110592531,773,857188
110592532,3054,2339012
110592533,1176,1696542
110592534,1598,2224505
110592535,1714,1604277
110592536,1745,1306972
110592537,1688,1639659
110592538,1627,1331559
110592539,1054,1859599
110592540,1140,2597452
110592541,2162,1799682
110592542,1357,1120590
110592543,1347,1439506
110592544,2239,2349719
110592545,1990,1476412
110592546,1626,1004288
110592547,1035,1328351
110592548,3182,2297754
110592549,867,2014200
110592550,622,1692477
110592551,1251,1298609
110592552,2458,1381125
110592553,2453,1241647
110592554,1687,1665412
110592555,1226,1753475
110592556,1146,207089
110592557,483,619244
110592558,730,745501
110592559,1386,835051
110592560,0,0
110592561,1567,1635309
110592562,1774,724021
110592563,683,90934
110592564,4020,2320620
110592565,1584,3593782
110592566,1007,2230483
110592567,3004,2724641
110592568,2693,2617808
110592569,771,3048857
110592570,811,2716743
110592571,390,1016910
110592572,0,0
110592573,0,0
110592574,0,0
110592575,0,0
110592576,1536,515042
110592577,634,1304802
110592578,1537,1593381
110592579,819,1555104
110592580,3125,2180945
110592581,411,1854157
110592582,1444,3094417
110592583,1216,2952964
110592584,3519,2185105
110592585,1340,2946999
110592586,714,2724689
110592587,1118,2749847
110592588,0,0
110592589,2180,876775
110592590,1739,1982438
110592591,1077,1951005
110592592,1841,2288622
110592593,1979,1393039
110592594,881,1912278
110592595,1391,2279054
110592596,0,0
110592597,0,0
110592598,0,0
110592599,0,0
110592600,2960,2562818
110592601,379,1909186
110592602,1592,2690402
110592603,1431,3711684
110592604,3790,2217263
110592605,591,2315480
110592606,792,2818095
110592607,1181,2492097
110592608,0,0
110592609,0,0
110592610,0,0
110592611,0,0
110592612,2854,1546525
110592613,1030,3575650
110592614,1584,2976556
110592615,1226,2319337
110592616,4057,2973503
110592617,1316,2485530
110592618,1219,1252271
110592619,1800,1529850
110592620,3793,2702938
110592621,299,1660032
110592622,2600,2254009
110592623,458,1834201
110592624,1107,989127
110592625,1609,1566121
110592626,1357,1574282
110592627,1128,2150666
110592628,1539,3057919
110592629,2414,2890791
110592630,2011,2310426
110592631,863,2657951
110592632,3981,3290308
110592633,1100,2409885
110592634,764,1930922
110592635,2935,1863446
110592636,1731,55552
110592637,666,748639
110592638,1455,1061132
110592639,861,1053633
110592640,1139,823707
110592641,1664,1747550
110592642,1125,1182045
110592643,2140,1709259
110592644,1324,1196408
110592645,1812,1061216
110592646,1279,1139160
110592647,1323,1014633
110592648,2039,1521077
110592649,1650,1745487
110592650,825,1257975
110592651,2106,1152696
110592652,2111,2473392
110592653,1933,3161292
110592654,1685,2371037
110592655,971,1696953
110592656,1587,1378862
110592657,2116,1253006
110592658,1597,1978686
110592659,1650,1636216
110592660,2774,1826731
110592661,1909,1492324
110592662,1404,2465046
110592663,1795,1645202
110592664,1393,471784
110592665,1006,1294447
110592666,688,994223
110592667,700,1068861
110592668,1228,716679
110592669,1286,650443
110592670,1034,824426
110592671,1238,761735
110592672,3257,1915890
110592673,2554,2838117
110592674,2222,2902283
110592675,747,1826581
110592676,1551,1533160
110592677,1178,1880762
110592678,1583,2207058
110592679,1796,1972273
110592680,1416,99851
110592681,1282,1397881
110592682,1160,1163011
110592683,964,1266796
110592684,2188,2220711
110592685,2518,2577690
110592686,2119,2378985
110592687,1811,2779168
110592688,3432,2583047
110592689,1280,4005694
110592690,1624,3452666
110592691,2042,3187281
110592692,1891,1271229
110592693,987,1386934
110592694,620,1543979
110592695,808,3370731
110592696,0,0
110592697,0,0
110592698,0,0
110592699,0,0
110592700,0,0
110592701,0,0
110592702,0,0
110592703,0,0
110592704,1267,835876
110592705,745,1421358
110592706,1043,1374345
110592707,1196,1377276
110592708,1764,1277143
110592709,1724,2094818
110592710,1877,1804281
110592711,544,1516583
110592712,1902,1114040
110592713,1340,2077359
110592714,817,1436701
110592715,1136,1006598
110592716,2109,691102
110592717,2042,2342522
110592718,1309,2292343
110592719,1564,1877784
110592720,1394,760477
110592721,1306,1847421
110592722,1296,1362306
110592723,1599,1933346
110592724,1686,2066809
110592725,1923,2621307
110592726,1593,2335328
110592727,1977,2083806
110592728,1539,1422166
110592729,2024,2179532
110592730,1050,1875590
110592731,653,2214147
110592732,0,0
110592733,0,0
110592734,0,0
110592735,0,0
110592736,0,0
110592737,0,0
110592738,0,0
110592739,0,0
110592740,0,0
110592741,0,0
110592742,0,0
110592743,0,0
110592744,1498,1831554
110592745,411,2149732
110592746,1447,2185650
110592747,1037,1653112
110592748,2748,2199225
110592749,616,4980262
110592750,1386,1263918
110592751,791,2067880
110592752,1210,1502878
110592753,1172,3204776
110592754,1258,3024154
110592755,983,1564799
110592756,1582,1442864
110592757,1487,1624102
110592758,1492,1479731
110592759,808,1370919
110592760,2667,2073990
110592761,397,1350515
110592762,813,794503
110592763,875,1252929
110592764,3131,1834599
110592765,665,1471534
110592766,1582,1855068
110592767,568,1900377
110592768,2643,1946482
110592769,373,1530651
110592770,913,1765025
110592771,1510,1843107
110592772,985,181541
110592773,963,95537
110592774,823,482145
110592775,1052,1897542
110592776,2974,3398990
110592777,961,2410438
110592778,1164,1457376
110592779,1131,1399886
110592780,2834,1875328
110592781,682,1801009
110592782,1551,1201105
110592783,889,1923312
110592784,1327,1235134
110592785,1178,981069
110592786,754,1010091
110592787,874,912420
110592788,1144,156823
110592789,1247,941256
110592790,1170,1293360
110592791,878,1338579
110592792,1811,2275552
110592793,1340,1492622
110592794,1192,1067585
110592795,775,1661907
110592796,1500,1011921
110592797,1796,1594749
110592798,1224,1943979
110592799,1523,1569498
110592800,949,1235487
110592801,1086,1274045
110592802,1035,1574212
110592803,1301,1832092
110592804,3123,2424406
110592805,1074,2738898
110592806,885,1125730
110592807,753,1279996
110592808,1381,10393
110592809,1063,527735
110592810,847,1060320
110592811,908,1014025
110592812,1022,570417
110592813,1197,1179159
110592814,948,1227610
110592815,1087,1056038
110592816,3548,3122274
110592817,1288,4300466
110592818,618,1683950
110592819,1064,1350955
110592820,2984,1621508
110592821,1053,3289525
110592822,1535,2194401
110592823,1052,1334842
110592824,2450,1684798
110592825,1203,2198732
110592826,798,1121953
110592827,453,1191569
110592828,2946,1520968
110592829,380,1568293
110592830,264,1041382
110592831,1946,852494
110592832,1524,654413
110592833,727,1270616
110592834,984,955780
110592835,879,755545
110592836,1630,1679173
110592837,1328,1764013
110592838,1550,1819874
110592839,863,1757398
110592840,3072,1961950
110592841,501,2625613
110592842,1897,1865335
110592843,1148,1362245
110592844,1355,17982
110592845,1153,143541
110592846,593,1534846
110592847,465,1871233
110592848,1609,1679225
110592849,1446,1301846
110592850,1325,1964579
110592851,973,1799864
110592852,1751,1630616
110592853,1492,2368381
110592854,1307,2264327
110592855,949,1853029
110592856,1553,177788
110592857,1450,1476266
110592858,301,613956
110592859,719,1780511
110592860,1508,1742158
110592861,1280,1297754
110592862,1118,1229171
110592863,1513,1483504
110592864,2774,1608116
110592865,1663,2445422
110592866,1527,2851202
110592867,1796,3099693
110592868,3066,63107
110592869,945,3075182
110592870,1400,2150543
110592871,716,1621310
110592872,3244,1546516
110592873,1570,1386996
110592874,2108,1351908
110592875,810,1545278
110592876,1267,958508
110592877,1264,1003338
110592878,1377,1304682
110592879,1738,1410042
110592880,2823,1677013
110592881,1803,1361032
110592882,1590,904324
110592883,1138,2142462
110592884,2443,1300228
110592885,2410,1631485
110592886,1786,2350557
110592887,602,1789346
110592888,2622,1839295
110592889,1300,1880083
110592890,1246,2877577
110592891,979,2697127
110592892,1820,406015
110592893,1357,675482
110592894,1546,568107
110592895,481,782414
110592896,0,0
110592897,0,0
110592898,0,0
110592899,0,0
110592900,1578,1289477
110592901,708,3187647
110592902,1338,1410097
110592903,1192,1357858
110592904,2063,974444
110592905,1112,1038453
110592906,716,955514
110592907,1014,1157629
110592908,3202,1936346
110592909,1853,4142977
110592910,1219,2356639
110592911,1660,1521274
110592912,1605,1133267
110592913,1552,1168360
110592914,712,1010370
110592915,1563,1255533
110592916,3678,3136576
110592917,1603,3064668
110592918,1976,2865299
110592919,1334,2394307
110592920,3446,1900503
110592921,1082,3109950
110592922,585,1411302
110592923,2863,1751128
110592924,1556,282542
110592925,957,1022321
110592926,912,1258721
110592927,1404,1287878
110592928,1823,2006303
110592929,2017,2806776
110592930,1192,1558144
110592931,1504,1324194
110592932,1368,881755
110592933,458,632423
110592934,1116,1150821
110592935,873,886900
110592936,0,0
110592937,0,0
110592938,0,0
110592939,0,0
110592940,0,0
110592941,0,0
110592942,0,0
110592943,0,0
110592944,1265,702992
110592945,1212,1363219
110592946,805,1678553
110592947,458,2081061
110592948,2619,2428876
110592949,1883,2858774
110592950,1051,3759900
110592951,1498,3551298
110592952,1152,1196170
110592953,1481,1931136
110592954,1615,1357727
110592955,502,1581417
110592956,1292,724413
110592957,1641,1529608
110592958,1367,1580566
110592959,1610,2251809
110592960,3111,2384801
110592961,1717,3847496
110592962,970,2155234
110592963,1557,2226466
110592964,1577,756241
110592965,1803,2491287
110592966,1181,2077761
110592967,1755,2645522
110592968,2506,2969269
110592969,1911,2627395
110592970,1853,2283911
110592971,1235,1531330
110592972,2968,2049291
110592973,1041,2218476
110592974,2525,2190716
110592975,762,1809466
110592976,1373,953775
110592977,1599,1363622
110592978,1245,1484374
110592979,1758,1582010
110592980,2178,2036454
110592981,2019,2146932
110592982,1441,1484040
110592983,1285,1370288
110592984,1349,959775
110592985,1624,1778674
110592986,1820,1992934
110592987,1830,1481901
110592988,1550,1209667
110592989,2013,2020249
110592990,1148,1602274
110592991,1264,1158943
110592992,1972,1682553
110592993,2306,1928688
110592994,2093,1964221
110592995,1007,1465018
110592996,1828,1227920
110592997,1875,1850377
110592998,1417,1643668
110592999,1583,1791718
110593000,1616,1459786
110593001,2462,2977141
110593002,1817,2459978
110593003,1053,2626401
110593004,1390,346790
110593005,921,911686
110593006,908,626624
110593007,1408,1102171
110593008,3165,2141186
110593009,2986,3277840
110593010,2091,2880779
110593011,1417,1761376
110593012,1179,801011
110593013,855,1093708
110593014,941,1384591
110593015,835,1117149
110593016,3280,3720123
110593017,2607,3053491
110593018,2225,3224210
110593019,788,2524988
110593020,0,0
110593021,1835,2455785
110593022,1422,3858272
110593023,1714,3444163
110593024,3795,2797411
110593025,1772,3047025
110593026,1549,3761135
110593027,1006,2190189
110593028,0,0
110593029,2027,1138824
110593030,1735,2250497
110593031,1343,1906039
110593032,3508,2370757
110593033,1738,3951954
110593034,1953,1952558
110593035,916,2111562
110593036,1497,1049327
110593037,1350,2350316
110593038,1483,1629673
110593039,2074,1650665
110593040,157,255433
110593041,1078,916383
110593042,1550,1351197
110593043,1453,1458703
110593044,1904,1541449
110593045,1671,1405732
110593046,1750,1960856
110593047,1894,1831497
110593048,3592,3202993
110593049,1762,3169631
110593050,1249,3262222
110593051,1372,1605439
110593052,3737,2537033
110593053,1708,3101541
110593054,562,1479083
110593055,1503,1624089
110593056,2311,1468045
110593057,1783,2027617
110593058,1380,1197947
110593059,490,1179460
110593060,3082,2606439
110593061,1789,1965544
110593062,1898,2145059
110593063,553,1527673
110593064,1656,1151632
110593065,1732,1551957
110593066,1330,1983825
110593067,2022,1733675
110593068,3358,3387168
110593069,1650,4295255
110593070,921,2201454
110593071,983,1511664
110593072,0,0
110593073,1807,2471182
110593074,1799,2419098
110593075,1460,2501862
110593076,2190,38855
110593077,1736,1131391
110593078,1579,1215336
110593079,557,2058048
110593080,2243,2429321
110593081,2182,2148579
110593082,1745,1678143
110593083,1216,1868154
110593084,1228,1218994
110593085,2009,1851983
110593086,1436,1329367
110593087,1431,1659466
110593088,4278,4308312
110593089,1059,3041844
110593090,1062,2227233
110593091,2320,1458313
110593092,3294,2039622
110593093,730,2564017
110593094,1799,2183657
110593095,624,1737872
110593096,1295,1555882
110593097,1743,1780388
110593098,1535,1445505
110593099,1578,1604073
110593100,1585,1262156
110593101,1810,1439841
110593102,1606,1327755
110593103,1884,1871267
110593104,966,939878
110593105,1359,1087618
110593106,1194,1058002
110593107,1253,1638864
110593108,2984,2105009
110593109,2499,3498827
110593110,2048,2974009
110593111,936,2245737
110593112,0,0
110593113,0,0
110593114,0,0
110593115,0,0
110593116,1105,1937589
110593117,743,2635155
110593118,1591,2277062
110593119,1237,1668061
110593120,3514,2467342
110593121,1120,2406603
110593122,1393,1627637
110593123,1463,2678026
110593124,1532,715414
110593125,1318,1274420
110593126,997,1469804
110593127,1408,1990825
110593128,4467,3805228
110593129,1310,3082007
110593130,500,856682
110593131,1957,1074064
110593132,1579,1115509
110593133,1835,2230920
110593134,1601,1568458
110593135,791,2008673
110593136,2031,2277867
110593137,2257,2217399
110593138,1621,1817994
110593139,1135,1145899
110593140,1435,1222268
110593141,2007,1783612
110593142,1910,1573368
110593143,873,1431005
110593144,3592,3530582
110593145,1761,1903251
110593146,1267,1308492
110593147,1311,1700596
110593148,3287,2523415
110593149,897,2002420
110593150,2439,2286843
110593151,1263,1580349
110593152,0,0
110593153,0,0
110593154,0,0
110593155,0,0
110593156,1444,1922719
110593157,1216,2255829
110593158,1072,1541571
110593159,731,1684492
110593160,1880,1527675
110593161,1434,1378599
110593162,1570,1806635
110593163,1786,1307789
110593164,2613,1884464
110593165,1618,2439140
110593166,1422,1443187
110593167,1087,1777294
110593168,2782,1411802
110593169,1328,1635558
110593170,1815,2046993
110593171,959,1358131
110593172,1816,1587760
110593173,1857,1492447
110593174,1516,2066211
110593175,1621,2007112
110593176,2926,2426721
110593177,1167,2631865
110593178,1060,1508275
110593179,1623,1391879
110593180,3134,1955866
110593181,971,1804192
110593182,1027,1550770
110593183,2143,1636979
110593184,1654,1391278
110593185,1640,2592824
110593186,2127,2103942
110593187,808,1788057
110593188,3364,3188909
110593189,791,3449087
110593190,1330,1496125
110593191,764,3158592
110593192,1451,1034275
110593193,1667,1740383
110593194,1958,1715931
110593195,1419,1715403
110593196,2132,1589617
110593197,1972,2162322
110593198,1511,1812537
110593199,847,662891
110593200,2292,1326962
110593201,1298,883407
110593202,1571,1487718
110593203,1094,989806
110593204,1308,1492588
110593205,1921,2565340
110593206,1451,1591577
110593207,1118,1109595
110593208,2609,1897199
110593209,2090,2747389
110593210,2121,2195582
110593211,1037,2595581
110593212,1516,850933
110593213,1361,1441179
110593214,1100,942538
110593215,832,1298502
110593216,2861,2233552
110593217,3072,2816048
110593218,780,2896944
110593219,2734,2156102
110593220,1936,883691
110593221,1151,1395287
110593222,957,1168372
110593223,1583,1280922
110593224,1661,1881151
110593225,1758,1942073
110593226,1704,1737248
110593227,218,821345
110593228,2608,2606403
110593229,2413,2952450
110593230,1433,2929796
110593231,1180,2078564
110593232,4068,3532994
110593233,1426,1996391
110593234,1346,1128099
110593235,1304,1567060
110593236,2783,1752161
110593237,1298,2009203
110593238,1726,1458813
110593239,1269,1961320
110593240,3282,2661243
110593241,549,2300365
110593242,1991,1218239
110593243,842,1921906
110593244,1646,1766009
110593245,1833,1783056
110593246,1968,1100533
110593247,606,1535457
110593248,3487,2154378
110593249,1031,1707633
110593250,2089,1129073
110593251,658,1550235
110593252,1374,952517
110593253,1567,1652533
110593254,1807,1460519
110593255,1212,1362326
110593256,1652,1505158
110593257,1649,1673663
110593258,1489,1706684
110593259,1323,1568351
110593260,1927,1653898
110593261,2333,1683251
110593262,1733,1609690
110593263,651,1130518
110593264,1320,1363149
110593265,1446,1281762
110593266,1690,1942353
110593267,1424,1123504
110593268,1902,1316480
110593269,1996,1504864
110593270,1742,2128513
110593271,1334,1977217
110593272,3119,2857558
110593273,2144,2127271
110593274,1434,1628957
110593275,782,2602693
110593276,1626,1334440
110593277,1778,1346842
110593278,1930,1643979
110593279,1353,1954765
110593280,1834,88244
110593281,1690,1156040
110593282,1334,1006923
110593283,452,1357176
110593284,2416,3263666
110593285,2192,1981415
110593286,1602,1893222
110593287,865,1859831
110593288,1516,1097344
110593289,2012,1820944
110593290,1452,1558194
110593291,1734,1310647
110593292,1200,1300075
110593293,1694,1642488
110593294,1750,1604063
110593295,2009,2021666
110593296,2817,2202537
110593297,1980,1907443
110593298,1367,1785023
110593299,1253,1524462
110593300,3371,2521650
110593301,916,2427112
110593302,275,845619
110593303,2829,1604785
110593304,2440,1713600
110593305,753,2787785
110593306,1844,2967411
110593307,831,1913609
110593308,795,498099
110593309,841,764150
110593310,1037,931848
110593311,1291,1034683
110593312,1836,1120699
110593313,1427,1410660
110593314,1081,855358
110593315,1365,1177806
110593316,1492,784310
110593317,1752,1992059
110593318,1874,1198045
110593319,1559,1125296
110593320,1101,538624
110593321,1220,1087965
110593322,1235,1190027
110593323,1329,1246670
110593324,3601,3343773
110593325,2904,4043577
110593326,2238,3473606
110593327,1369,4605290
110593328,1514,378725
110593329,1078,860887
110593330,1185,548272
110593331,1175,1302137
110593332,3455,4582908
110593333,1824,3137458
110593334,2540,3877855
110593335,1272,2237309
110593336,3658,2239561
110593337,654,3042750
110593338,2724,2232569
110593339,818,2467124
110593340,1564,1349990
110593341,1384,1687338
110593342,1682,1868423
110593343,1058,1289886
110593344,1624,1029638
110593345,1115,822889
110593346,1233,1187944
110593347,1759,1148350
110593348,3302,2739790
110593349,1679,3270713
110593350,649,1829132
110593351,2458,1711177
110593352,2311,1102489
110593353,1141,1294135
110593354,1045,1305996
110593355,1785,1503159
110593356,3256,3136183
110593357,757,2167653
110593358,2214,2259506
110593359,1434,1537607
110593360,3196,2689168
110593361,622,2377296
110593362,1575,1810022
110593363,985,2006952
110593364,2038,1697285
110593365,1712,2144244
110593366,1116,2239068
110593367,1573,2185965
110593368,1406,690036
110593369,1683,1166726
110593370,1131,1609745
110593371,1102,1962224
110593372,4018,3345640
110593373,1360,2783578
110593374,1534,1746477
110593375,1525,1992792
110593376,1941,1675326
110593377,1358,1632821
110593378,675,1415913
110593379,1760,1635577
110593380,1134,0
110593381,463,0
110593382,433,0
110593383,461,0
110593384,1821,1253636
110593385,1589,1688043
110593386,1555,1319293
110593387,1587,1789566
110593388,2033,1361924
110593389,1998,1241740
110593390,1157,1547979
110593391,1804,2051814
110593392,1344,1667048
110593393,2180,2231080
110593394,1447,2019479
110593395,1283,1550830
110593396,3464,2803918
110593397,2022,3275242
110593398,1150,2141268
110593399,1162,1704502
110593400,4357,2459658
110593401,885,2306536
110593402,2055,888301
110593403,1008,1704148
110593404,1538,1550007
110593405,1695,2650777
110593406,406,1107759
110593407,1750,2166191
110593408,1032,697338
110593409,1519,1922394
110593410,1429,1419010
110593411,1229,1610786
110593412,1318,1044132
110593413,1209,1037551
110593414,980,1396642
110593415,1443,1924813
110593416,1805,1923027
110593417,1749,2121373
110593418,1492,1402507
110593419,1546,2276148
110593420,1607,1273335
110593421,1470,1875650
110593422,1567,1592971
110593423,1172,1254544
110593424,2738,2267771
110593425,3386,4512964
110593426,1681,4561169
110593427,1258,2930323
110593428,3519,2389712
110593429,2173,3802804
110593430,1329,1785024
110593431,1746,2764414
110593432,3580,2894231
110593433,1065,2427698
110593434,1105,1824763
110593435,1514,1877331
110593436,1811,51447
110593437,1495,989941
110593438,1620,1052619
110593439,460,1434102
110593440,3490,2766526
110593441,1304,2947708
110593442,1991,2849489
110593443,1187,1606433
110593444,1230,1052784
110593445,1676,2204272
110593446,1431,1630674
110593447,1778,2080406
110593448,1902,2334076
110593449,2098,2200011
110593450,1472,2131420
110593451,1689,1519931
110593452,1791,1190272
110593453,1730,1650171
110593454,1834,1880458
110593455,1134,2315499
110593456,2765,1304669
110593457,1925,1997010
110593458,1773,1957591
110593459,1006,2405211
110593460,3477,2582292
110593461,1260,3050923
110593462,1317,1064251
110593463,1643,2209744
110593464,3337,1790899
110593465,461,1804523
110593466,2531,1695996
110593467,507,1328154
110593468,2695,1491176
110593469,755,1743566
110593470,1017,1353099
110593471,1629,1986485
110593472,1971,1547486
110593473,1682,1578386
110593474,1565,2379088
110593475,1838,1520081
110593476,3003,2671280
110593477,793,2169087
110593478,1336,1448106
110593479,1761,1509879
110593480,3121,2270066
110593481,562,1953172
110593482,1670,1762117
110593483,1143,1222861
110593484,2752,2069649
110593485,1034,2103201
110593486,1067,1149925
110593487,1503,1369124
110593488,2974,1238923
110593489,2281,2174313
110593490,928,2027848
110593491,567,1488474
110593492,2908,1446881
110593493,1532,2066462
110593494,1531,1944968
110593495,458,1606176
110593496,2653,1313408
110593497,2608,1970418
110593498,748,1909480
110593499,498,1324335
110593500,2647,1692322
110593501,1555,1352286
110593502,1599,1588558
110593503,931,1787880
110593504,1204,21601
110593505,1157,81488
110593506,1442,1171234
110593507,1547,1336994
110593508,1506,1699930
110593509,1368,2032102
110593510,1248,1436044
110593511,1189,1118038
110593512,1661,1962562
110593513,2079,1366189
110593514,1673,1703254
110593515,1454,1899396
110593516,1496,1565667
110593517,1293,2023228
110593518,1137,1607149
110593519,1537,1709940
110593520,2948,2090168
110593521,2700,1902477
110593522,1581,2200768
110593523,1077,3226816
110593524,1706,1692541
110593525,1474,1644323
110593526,728,1214760
110593527,1236,1066372
110593528,1902,3092484
110593529,1971,2771859
110593530,1817,1847592
110593531,1759,2177542
110593532,0,0
110593533,0,0
110593534,0,0
110593535,0,0
110593536,2037,1232706
110593537,1471,1824042
110593538,1036,1995850
110593539,902,2227263
110593540,3204,2157199
110593541,852,4193397
110593542,993,2740977
110593543,776,2859564
110593544,0,0
110593545,0,0
110593546,0,0
110593547,0,0
110593548,1272,2140496
110593549,843,3180693
110593550,1141,1609767
110593551,1240,1574721
110593552,1541,1027151
110593553,546,1092076
110593554,685,1214036
110593555,481,1082194
110593556,0,0
110593557,0,0
110593558,0,0
110593559,0,0
110593560,1495,1063024
110593561,946,1744577
110593562,843,1565466
110593563,597,2257609
110593564,1900,2754312
110593565,1901,2546216
110593566,1336,1885175
110593567,1586,2320651
110593568,1751,1643678
110593569,1627,2250579
110593570,1412,2387588
110593571,1829,1642982
110593572,3038,2792721
110593573,1479,2717544
110593574,620,1818651
110593575,708,1765189
110593576,0,0
110593577,0,0
110593578,0,0
110593579,0,0
110593580,3318,1490970
110593581,495,3523409
110593582,2480,2807764
110593583,956,2010609
110593584,3422,2807066
110593585,745,2638885
110593586,1831,1753488
110593587,1145,1386289
110593588,3127,2664731
110593589,942,2580213
110593590,1986,876551
110593591,1092,2010592
110593592,1402,1165645
110593593,1612,2135992
110593594,1710,1537556
110593595,590,1786620
110593596,2244,1624596
110593597,2027,1738812
110593598,1659,1383046
110593599,732,1281193
110593600,2558,1498826
110593601,1961,1829838
110593602,1779,1628689
110593603,610,1398925
110593604,0,0
110593605,0,0
110593606,0,0
110593607,0,0
110593608,1464,1272732
110593609,507,2110316
110593610,1284,1647587
110593611,871,1078922
110593612,2458,1315608
110593613,1386,1717403
110593614,1420,1354670
110593615,1770,1803352
110593616,3637,3512700
110593617,1044,2912171
110593618,377,1571797
110593619,2142,1598961
110593620,3518,3232972
110593621,961,2547162
110593622,1066,2725988
110593623,1177,2360312
110593624,3703,3032743
110593625,1036,1434907
110593626,1617,1642763
110593627,936,1558808
110593628,1412,1226614
110593629,1328,2045868
110593630,1217,1337227
110593631,1315,1555999
110593632,2028,1314189
110593633,2423,1915171
110593634,1566,1435759
110593635,1037,2051924
110593636,1849,879969
110593637,1133,1540401
110593638,1832,1623461
110593639,1871,2640059
110593640,1310,948565
110593641,1099,883155
110593642,798,1250971
110593643,788,1509790
110593644,1965,885158
110593645,1545,1955949
110593646,1252,1224376
110593647,1215,1602951
110593648,3134,2232237
110593649,2583,4208894
110593650,1510,2879282
110593651,2731,2934081
110593652,1486,1054576
110593653,1359,1491066
110593654,904,1622008
110593655,1453,1443604
110593656,1497,775995
110593657,1184,1153565
110593658,1152,1152067
110593659,1262,1054368
110593660,3633,2383751
110593661,1988,3394829
110593662,1471,2628547
110593663,1359,3237529
110593664,2073,1280371
110593665,1699,1391188
110593666,1254,1936694
110593667,1734,1926831
110593668,1804,2840133
110593669,2124,2417302
110593670,1764,2471853
110593671,1034,2101901
110593672,1750,2136775
110593673,1880,1661603
110593674,1392,1498471
110593675,1715,2086811
110593676,3821,2376594
110593677,1560,3012631
110593678,1718,1243248
110593679,1262,2274078
110593680,1377,1113810
110593681,1761,1566551
110593682,1458,1373765
110593683,1377,2053006
110593684,3270,2090685
110593685,1446,2350899
110593686,1628,1323579
110593687,1194,2254822
110593688,1442,1191536
110593689,1684,1531131
110593690,1982,1484768
110593691,1092,1953890
110593692,2132,1429656
110593693,1608,1657227
110593694,1533,1574641
110593695,1241,1690695
110593696,3118,2306948
110593697,1128,1769965
110593698,1052,2322013
110593699,1590,1512198
110593700,1680,1541015
110593701,1675,1911147
110593702,1158,1668806
110593703,1790,1108915
110593704,2448,558305
110593705,1842,1550463
110593706,1149,1491825
110593707,577,1611012
110593708,1573,477435
110593709,1153,931804
110593710,1142,1224717
110593711,1450,1053645
110593712,3256,2906867
110593713,1867,2808007
110593714,2038,2372641
110593715,1330,1598635
110593716,3169,3067390
110593717,1870,2983533
110593718,1745,1113032
110593719,788,2603515
110593720,1393,1674660
110593721,1987,1328603
110593722,1778,1212128
110593723,1791,1412039
110593724,2784,1840107
110593725,726,2169396
110593726,2458,1563284
110593727,534,1992354
110593728,1205,568345
110593729,1324,1040025
110593730,734,874931
110593731,1197,981341
110593732,3358,2555652
110593733,1487,1492601
110593734,2117,2265345
110593735,868,1393902
110593736,2946,1786438
110593737,954,2115465
110593738,2718,3236987
110593739,604,1711470
110593740,907,420043
110593741,1079,478733
110593742,1016,1134259
110593743,1148,1375851
110593744,2547,2776600
110593745,2662,3622202
110593746,954,2977302
110593747,2129,1449993
110593748,1575,1280193
110593749,768,661707
110593750,735,801940
110593751,1069,717604
110593752,2207,2677783
110593753,2273,3741653
110593754,1761,2582727
110593755,1471,2017315
110593756,2757,1910779
110593757,1970,3926730
110593758,1951,3362858
110593759,1084,2533594
110593760,2826,2384896
110593761,1708,3216331
110593762,1984,2872136
110593763,1704,2827914
110593764,2861,2165168
110593765,1412,4697029
110593766,1881,2694686
110593767,603,2027877
110593768,1341,934343
110593769,1946,1196370
110593770,1577,1439008
110593771,1282,2156065
110593772,2925,2389071
110593773,1998,3228570
110593774,1551,2832034
110593775,1345,1837203
110593776,3634,2158184
110593777,918,1886927
110593778,2062,1444954
110593779,1098,2125853
110593780,2522,1579786
110593781,1273,1737799
110593782,2209,1694089
110593783,695,1998667
110593784,3099,1849566
110593785,586,1535796
110593786,1113,1214768
110593787,2361,2093586
110593788,1443,0
110593789,977,190139
110593790,846,839488
110593791,1169,919637
110593792,2837,2320244
110593793,1968,3621512
110593794,1340,2658318
110593795,1076,1616188
110593796,1808,1047075
110593797,1636,1517133
110593798,1372,2034744
110593799,517,2734128
110593800,0,0
110593801,2790,1146831
110593802,1277,978385
110593803,921,1397990
110593804,2228,1674468
110593805,1950,1204710
110593806,953,1318241
110593807,1051,1566762
110593808,1819,1335812
110593809,1760,1785889
110593810,1301,1813155
110593811,666,2195697
110593812,0,0
110593813,2534,2590437
110593814,1722,2324913
110593815,1403,2279723
110593816,0,0
110593817,0,0
110593818,0,0
110593819,0,0
110593820,2367,2418046
110593821,854,3249746
110593822,719,3025850
110593823,2345,2830795
110593824,2834,2375617
110593825,848,2558126
110593826,529,772284
110593827,2181,1650116
110593828,0,0
110593829,2054,1427492
110593830,1115,1505459
110593831,909,1858554
110593832,3659,3998121
110593833,1243,1882578
110593834,526,1984904
110593835,1759,1893578
110593836,2696,1909059
110593837,1261,2424647
110593838,603,1163618
110593839,1412,1202446
110593840,1327,1010145
110593841,933,1091289
110593842,1016,1076893
110593843,1167,863986
110593844,2221,2475061
110593845,2059,2136374
110593846,1807,2385233
110593847,1052,2818098
110593848,3472,2560998
110593849,2282,3689320
110593850,836,3795320
110593851,988,2018446
110593852,0,0
110593853,2487,1374745
110593854,1847,1559705
110593855,231,691868
110593856,0,0
110593857,0,0
110593858,0,0
110593859,0,0
110593860,0,0
110593861,2124,1343469
110593862,954,2632496
110593863,850,1842280
110593864,1708,1400633
110593865,1778,2118402
110593866,1817,2296516
110593867,909,1760929
110593868,3023,2810256
110593869,2312,3030129
110593870,1560,3028880
110593871,1725,3171215
110593872,3343,3723196
110593873,1401,2997477
110593874,1617,1828190
110593875,1251,1757262
110593876,1636,1015298
110593877,1700,1968882
110593878,1630,1245970
110593879,1262,1495152
110593880,2612,1881744
110593881,1792,1962802
110593882,2108,834623
110593883,884,1461414
110593884,2941,2693067
110593885,735,1268411
110593886,2115,729611
110593887,675,1307356
110593888,2094,1536385
110593889,1075,2112516
110593890,1202,1855768
110593891,1673,1428052
110593892,3796,3901518
110593893,1047,2661157
110593894,1114,1444249
110593895,1433,1785509
110593896,1515,1166047
110593897,1701,1653358
110593898,1550,1871439
110593899,1108,1910207
110593900,2840,2047339
110593901,1824,1999780
110593902,928,927231
110593903,1300,1120680
110593904,1400,1447446
110593905,1986,1408554
110593906,1465,1449216
110593907,1598,1163014
110593908,1707,1594420
110593909,1899,1921056
110593910,1089,1391537
110593911,1280,1570666
110593912,1886,1603958
110593913,2265,2069567
110593914,1466,1942079
110593915,1325,2012473
110593916,3642,3356201
110593917,1391,3500816
110593918,1823,922356
110593919,1093,1757331
110593920,1393,1120687
110593921,1696,1202224
110593922,1733,1873641
110593923,1141,1504225
110593924,1344,1039265
110593925,1655,1239739
110593926,1379,1589588
110593927,1817,1630558
110593928,3892,2181176
110593929,947,1914389
110593930,1340,1759031
110593931,1340,2250872
110593932,3655,2444368
110593933,385,814181
110593934,1609,1620318
110593935,1208,1414260
110593936,2970,1810723
110593937,739,1673770
110593938,1968,2204268
110593939,1025,1863411
110593940,2975,2263252
110593941,677,2339519
110593942,663,1659195
110593943,2352,2075856
110593944,2607,1474386
110593945,1042,2111454
110593946,2252,1723469
110593947,1084,1896254
110593948,1181,1420072
110593949,388,1756570
110593950,1005,2537942
110593951,1781,2919864
110593952,0,0
110593953,0,0
110593954,2544,923188
110593955,1091,1486049
110593956,604,561048
110593957,1107,707108
110593958,377,668579
110593959,817,1081989
110593960,2457,1116277
110593961,1516,1458299
110593962,1575,1339368
110593963,1591,1477042
110593964,0,0
110593965,0,0
110593966,0,0
110593967,0,0
110593968,578,466983
110593969,1353,950310
110593970,1010,1891320
110593971,1648,1691139
110593972,0,0
110593973,0,0
110593974,0,0
110593975,0,0
110593976,1235,689988
110593977,484,1922788
110593978,2031,1250815
110593979,456,988269
110593980,1490,1631852
110593981,1947,1897321
110593982,1396,1183173
110593983,660,2750226
110593984,1720,2807500
110593985,1912,2149140
110593986,1605,2819538
110593987,1628,2740403
110593988,4880,4297387
110593989,1308,3239013
110593990,220,2028793
110593991,1864,1629691
110593992,2631,1574418
110593993,1442,2892874
110593994,961,1287048
110593995,1175,1262163
110593996,0,0
110593997,3880,2482097
110593998,1202,1559968
110593999,1124,1388221
110594000,1629,1070398
110594001,1734,1135967
110594002,1611,1277013
110594003,561,1356772
110594004,3345,1581309
110594005,1389,1777451
110594006,1081,1746084
110594007,1804,1367757
110594008,1623,997357
110594009,1774,1257437
110594010,1451,1451802
110594011,1309,1451010
110594012,3407,1997644
110594013,854,2270365
110594014,2671,1596771
110594015,482,2356886
110594016,1578,1503522
110594017,1714,1584265
110594018,2093,1634299
110594019,820,1347169
110594020,1865,1777715
110594021,1996,1823361
110594022,1625,1392509
110594023,539,1441953
110594024,1888,1333831
110594025,1865,2114069
110594026,1420,1171382
110594027,972,1334724
110594028,2004,2026667
110594029,1933,2272209
110594030,1473,1456443
110594031,790,1156608
110594032,3410,2014347
110594033,1694,1667476
110594034,1610,1239217
110594035,1308,2098595
110594036,2273,1317118
110594037,1584,2205811
110594038,1636,2261029
110594039,548,1818861
110594040,2803,2497952
110594041,1575,2851297
110594042,1874,1171435
110594043,630,1580929
110594044,3598,1729247
110594045,827,2221870
110594046,1919,1244832
110594047,890,1686115
110594048,3161,1033105
110594049,765,1636557
110594050,2075,1335734
110594051,820,2539057
110594052,2808,2706995
110594053,1069,1915181
110594054,2493,1641652
110594055,531,1626545
110594056,901,361626
110594057,1698,2416683
110594058,1346,1873787
110594059,1384,1162902
110594060,3094,2949603
110594061,1997,4503315
110594062,1873,2455136
110594063,945,3007767
110594064,1904,1854533
110594065,1769,2536086
110594066,1584,3267717
110594067,1948,1827714
110594068,0,0
110594069,0,0
110594070,0,0
110594071,0,0
110594072,1655,2091587
110594073,506,3345991
110594074,1496,2046362
110594075,343,1531290
110594076,2040,893376
110594077,1613,1787900
110594078,921,1426732
110594079,1310,1682296
110594080,2833,2316340
110594081,1827,2400814
110594082,2080,2315901
110594083,1820,2136778
110594084,1733,1051972
110594085,1748,1282898
110594086,1589,2200380
110594087,1784,2475913
110594088,3349,2393797
110594089,2045,4989970
110594090,1839,2538645
110594091,668,1307236
110594092,1595,879689
110594093,1598,1336684
110594094,1187,1519305
110594095,1850,1466486
110594096,2436,1720775
110594097,1878,1871519
110594098,1274,1612185
110594099,1166,1681206
110594100,1738,1674552
110594101,1855,2059162
110594102,1100,2261826
110594103,1419,1641331
110594104,3588,2671912
110594105,1864,2828927
110594106,1099,1755116
110594107,1301,1562366
110594108,3868,2720904
110594109,734,1877037
110594110,2174,1679855
110594111,799,1778273
110594112,2642,1735260
110594113,888,1921971
110594114,2059,2404326
110594115,1133,1689735
110594116,2944,2512028
110594117,960,2763614
110594118,639,957053
110594119,1972,1845583
110594120,2666,1779486
110594121,2127,2052922
110594122,1041,2595333
110594123,877,2094118
110594124,1592,1160861
110594125,1746,2066049
110594126,1736,2290466
110594127,1493,2797628
110594128,3032,2075375
110594129,1600,2669041
110594130,2080,1957528
110594131,663,1521129
110594132,1561,1568444
110594133,1953,1411169
110594134,1845,2426353
110594135,1581,1433741
110594136,1731,1132543
110594137,1754,2324483
110594138,1182,1422414
110594139,1305,1199213
110594140,1977,821331
110594141,1757,1348972
110594142,1443,1413223
110594143,709,1587236
110594144,1558,1828865
110594145,1692,1555583
110594146,1613,1783135
110594147,1914,1379580
110594148,1791,853849
110594149,2066,1415200
110594150,1953,1636701
110594151,701,1896731
110594152,1894,1799489
110594153,2115,2144319
110594154,1436,1770879
110594155,1726,2125902
110594156,3494,2179249
110594157,1479,3264245
110594158,339,682920
110594159,2497,1963511
110594160,3119,2130811
110594161,610,2430671
110594162,1509,1847770
110594163,768,1797546
110594164,0,0
110594165,1769,1308188
110594166,1194,1327850
110594167,1308,1627586
110594168,3494,1844875
110594169,1168,3024710
110594170,1069,3478004
110594171,2129,2449622
110594172,1881,3222352
110594173,1064,2907832
110594174,751,2430467
110594175,1223,2109252
110594176,2025,2182222
110594177,2246,2731798
110594178,1331,2248572
110594179,1561,2012153
110594180,3311,2672374
110594181,1507,2597560
110594182,784,1731604
110594183,1896,1431881
110594184,1711,1302848
110594185,1749,1382673
110594186,1262,1356117
110594187,601,1512945
110594188,3770,2930173
110594189,1891,2184679
110594190,1472,1480296
110594191,1347,2499213
110594192,1386,990636
110594193,1413,1289438
110594194,1848,1470951
110594195,1346,2141300
110594196,3250,2567477
110594197,1095,1760363
110594198,1341,2000774
110594199,1690,1431771
110594200,1654,1073103
110594201,1866,1542305
110594202,1686,1361385
110594203,1203,1311635
110594204,1797,1784358
110594205,2029,1645197
110594206,2034,1421889
110594207,499,1606159
110594208,1457,2319318
110594209,1752,2254897
110594210,1584,1775687
110594211,1542,1305371
110594212,2305,1303965
110594213,1939,1788509
110594214,1558,1762801
110594215,1202,2032351
110594216,2876,2634475
110594217,1526,2063191
110594218,1250,1603920
110594219,1374,1197593
110594220,3227,2387721
110594221,990,3669417
110594222,1993,1445555
110594223,842,1726884
110594224,1711,1376218
110594225,1804,1804413
110594226,1895,1444247
110594227,1606,1392575
110594228,2605,1626305
110594229,544,1570596
110594230,2428,1301097
110594231,359,857531
110594232,1316,1623966
110594233,2068,1844881
110594234,1769,1639492
110594235,604,1681541
110594236,2712,1274953
110594237,1495,1497652
110594238,1143,1356699
110594239,2059,1388898
110594240,3257,3567992
110594241,693,1966074
110594242,848,1329877
110594243,1280,1049460
110594244,1113,1088094
110594245,1333,1234289
110594246,1617,1946781
110594247,1949,1898530
110594248,3454,2194752
110594249,1216,2238474
110594250,796,1809156
110594251,2672,1375167
110594252,3081,2555303
110594253,643,2620830
110594254,1912,1736409
110594255,943,1936457
110594256,2647,988126
110594257,766,1949847
110594258,1005,1768843
110594259,759,1989895
110594260,0,0
110594261,1135,360274
110594262,1122,1834480
110594263,688,1040091
110594264,1915,1422349
110594265,1665,1587441
110594266,1756,2170091
110594267,1665,1758549
110594268,2199,1344566
110594269,1190,1145150
110594270,759,1610482
110594271,895,1451003
110594272,0,0
110594273,1034,1150487
110594274,1051,1543039
110594275,1131,1150568
110594276,2215,1677941
110594277,1600,1278926
110594278,1321,1960466
110594279,1640,2247104
110594280,2011,757992
110594281,952,1093367
110594282,1086,899411
110594283,1784,2327817
110594284,0,0
110594285,1781,1346151
110594286,1691,1844713
110594287,1026,2917520
110594288,3781,2569811
110594289,1214,2867360
110594290,1367,3633979
110594291,2709,4252837
110594292,2783,2617405
110594293,1205,2315064
110594294,1468,2638102
110594295,901,2871200
110594296,1877,1972060
110594297,1512,1713710
110594298,1556,1128755
110594299,930,566686
110594300,1892,764474
110594301,1831,1165189
110594302,1356,2399434
110594303,595,2506421
110594304,1939,1376523
110594305,1558,1634972
110594306,1105,2018339
110594307,1843,2023738
110594308,2129,2629748
110594309,2006,2566644
110594310,1718,2160766
110594311,1611,2111341
110594312,1500,1794211
110594313,1981,1767148
110594314,1516,1520154
110594315,1966,1862296
110594316,1585,2349071
110594317,1834,2526159
110594318,1545,1968532
110594319,1511,1682401
110594320,3674,3933779
110594321,1443,2201910
110594322,875,1440517
110594323,2374,1460954
110594324,3540,2080698
110594325,731,2343157
110594326,805,909124
110594327,2209,1916975
110594328,2494,1991554
110594329,1161,2184395
110594330,522,1096801
110594331,1935,1946361
110594332,1558,3465378
110594333,1650,2462869
110594334,524,1149348
110594335,1437,1213420
110594336,2258,1481344
110594337,2095,1727312
110594338,1456,1886092
110594339,1583,2085529
110594340,1990,1803895
110594341,1908,1546546
110594342,1870,2058120
110594343,940,1587173
110594344,2029,1389443
110594345,1881,1668348
110594346,1466,1237447
110594347,1434,1401977
110594348,1425,867920
110594349,1855,1365325
110594350,1611,1340082
110594351,797,1720981
110594352,4195,3106985
110594353,985,1966599
110594354,936,548545
110594355,2607,2412695
110594356,2951,2653464
110594357,246,1594232
110594358,1841,1242912
110594359,1211,2012561
110594360,1232,845740
110594361,1716,1990664
110594362,1241,1767814
110594363,551,1595818
110594364,1029,1770000
110594365,1566,1697096
110594366,1565,1380929
110594367,1539,1439026
110594368,3531,2394093
110594369,2890,2663692
110594370,1862,1959246
110594371,1640,1412486
110594372,2513,921102
110594373,855,1418731
110594374,2211,1336278
110594375,1112,1887715
110594376,1488,1050093
110594377,1847,1718276
110594378,466,1706901
110594379,656,2015878
110594380,1347,739085
110594381,1452,1369655
110594382,1191,1375601
110594383,1365,1054448
110594384,3004,3199524
110594385,2170,3197959
110594386,1815,2780614
110594387,784,1413761
110594388,0,0
110594389,0,0
110594390,0,0
110594391,0,0
110594392,1461,1638680
110594393,521,4038184
110594394,1627,2569006
110594395,1158,2061122
110594396,1569,1295323
110594397,1803,1733575
110594398,1442,2142158
110594399,1522,1903909
110594400,3648,3346155
110594401,1373,2361835
110594402,2172,1949313
110594403,1076,2152619
110594404,2956,2104197
110594405,505,1343284
110594406,2567,2205664
110594407,702,2005769
110594408,3156,2445639
110594409,649,1782499
110594410,2389,1698063
110594411,397,1850999
110594412,2413,1245127
110594413,991,1852917
110594414,860,776371
110594415,1739,1556744
110594416,2041,1047936
110594417,1766,1434710
110594418,1588,1424918
110594419,657,1645144
110594420,1699,1572304
110594421,1787,1497868
110594422,1629,1253068
110594423,1726,1442943
110594424,1943,1261274
110594425,1908,1625043
110594426,2058,2327261
110594427,601,1877930
110594428,1640,2037573
110594429,2067,2132582
110594430,1701,1865777
110594431,862,1578431
110594432,2054,1231825
110594433,1923,1240356
110594434,1380,1538740
110594435,742,1654969
110594436,2170,1355702
110594437,2096,1612912
110594438,1610,1404563
110594439,1248,1698015
110594440,1647,1196921
110594441,1819,1584727
110594442,990,1352994
110594443,1494,1838623
110594444,2899,1832257
110594445,2104,2905761
110594446,548,1621688
110594447,1590,1534064
110594448,1942,42153
110594449,1267,36784
110594450,849,402419
110594451,1626,922210
110594452,3660,4903816
110594453,1607,2688732
110594454,1097,924559
110594455,1072,1757907
110594456,1768,2030094
110594457,1909,2129060
110594458,1714,1643993
110594459,1235,2018712
110594460,2893,3183494
110594461,1680,1852516
110594462,1707,1093260
110594463,1002,1577566
110594464,1783,1073749
110594465,2294,2502603
110594466,895,1338496
110594467,517,1796355
110594468,1094,182152
110594469,1334,973959
110594470,1411,1344205
110594471,1268,1585895
110594472,3262,1990985
110594473,2779,2919526
110594474,1767,2103003
110594475,1249,3191878
110594476,1904,693852
110594477,1175,1309696
110594478,962,1174577
110594479,1068,1768063
110594480,526,517981
110594481,987,797972
110594482,816,738633
110594483,1384,1111358
110594484,2641,1298924
110594485,2314,2662215
110594486,1464,2639560
110594487,1283,2116209
110594488,3256,2157966
110594489,2025,2827695
110594490,974,3148604
110594491,2412,2206771
110594492,3705,2921984
110594493,1175,3439708
110594494,420,1247283
110594495,2856,1181469
110594496,1129,945160
110594497,1656,1929420
110594498,1221,1908033
110594499,927,2400848
110594500,3104,2361477
110594501,2109,3061329
110594502,1234,1929194
110594503,1206,1435223
110594504,3592,2953272
110594505,1028,3216110
110594506,2032,1214424
110594507,811,1972941
110594508,3062,4221935
110594509,737,1768119
110594510,1902,927150
110594511,703,2123775
110594512,1433,1766108
110594513,1509,1958445
110594514,1086,1953185
110594515,1955,1350261
110594516,1912,1350526
110594517,2038,2053490
110594518,1811,2202948
110594519,674,1601126
110594520,3438,2193117
110594521,1049,1643476
110594522,1272,1097110
110594523,1727,1694165
110594524,98,0
110594525,1403,1016819
110594526,455,185546
110594527,688,462728
110594528,2030,1062194
110594529,1465,1647036
110594530,1614,932279
110594531,1326,1144865
110594532,2081,1352700
110594533,1908,1755826
110594534,1639,2161580
110594535,1872,1824288
110594536,3329,3193054
110594537,1509,4034881
110594538,1650,1899832
110594539,1029,2510159
110594540,3515,2994892
110594541,1610,3483485
110594542,1796,3897155
110594543,1303,3618519
110594544,1849,1256858
110594545,1539,1879296
110594546,1353,1595981
110594547,1775,1568753
110594548,1373,1781913
110594549,1655,2433033
110594550,1334,1882519
110594551,1984,1922455
110594552,2892,1796357
110594553,1602,2346893
110594554,1834,3021806
110594555,1044,1407455
110594556,1673,1182637
110594557,1924,2287619
110594558,1523,1989113
110594559,1868,1424552
110594560,1789,2046030
110594561,1721,1517462
110594562,1777,1594056
110594563,2043,2342489
110594564,1682,1316168
110594565,1149,1175408
110594566,1023,1661563
110594567,1638,1922573
110594568,942,1567633
110594569,1531,1867910
110594570,1521,1669895
110594571,1698,1738662
110594572,2932,2630291
110594573,2426,2789000
110594574,1547,3558878
110594575,1152,2812198
110594576,0,0
110594577,0,0
110594578,0,0
110594579,0,0
110594580,2601,1676600
110594581,483,2164854
110594582,911,2113515
110594583,1449,1991134
110594584,2281,1383276
110594585,1292,1618909
110594586,853,1328716
110594587,1364,1158885
110594588,1717,1832621
110594589,1466,2964470
110594590,1731,1774366
110594591,1852,1536559
110594592,3341,2532119
110594593,1718,4583556
110594594,1423,2027369
110594595,874,1539772
110594596,1522,464723
110594597,1787,1684984
110594598,1487,2036218
110594599,1624,1881130
110594600,2159,1969892
110594601,1782,1666188
110594602,1455,1761517
110594603,1705,2120299
110594604,2066,1930970
110594605,2387,2608235
110594606,1477,3216876
110594607,1041,1766427
110594608,3396,2052537
110594609,1337,2413848
110594610,652,1876540
110594611,2264,1422093
110594612,1937,1437850
110594613,1505,2488240
110594614,1647,2526837
110594615,1401,1604487
110594616,1565,1937422
110594617,1892,1564671
110594618,1686,1766500
110594619,938,2104943
110594620,3081,2024271
110594621,1751,2773988
110594622,1845,2276835
110594623,659,1798467
110594624,1280,1102843
110594625,1857,1603818
110594626,1567,1838878
110594627,1791,1609759
110594628,3720,2946849
110594629,777,2709824
110594630,1490,749570
110594631,825,2106966
110594632,0,0
110594633,1693,866568
110594634,1696,1537737
110594635,1004,1607194
110594636,3426,2516083
110594637,1648,3068721
110594638,584,912893
110594639,1920,2932010
110594640,1809,6880
110594641,1269,375016
110594642,1084,887475
110594643,1159,1024676
110594644,3081,3456481
110594645,2161,5000866
110594646,1333,1505863
110594647,723,1437866
110594648,1840,1357774
110594649,2152,2623710
110594650,1556,2221562
110594651,1726,1661765
110594652,1709,992817
110594653,1617,1812475
110594654,1621,1260771
110594655,1102,1376611
110594656,3193,2873262
110594657,845,1887211
110594658,1941,1348629
110594659,1035,2088294
110594660,1633,1348699
110594661,1821,1466673
110594662,1693,1568013
110594663,1114,1518043
110594664,1770,1748249
110594665,1858,1722041
110594666,1321,1644009
110594667,1854,1533822
110594668,0,0
110594669,0,0
110594670,0,0
110594671,0,0
110594672,1595,1905598
110594673,378,2290588
110594674,478,1760101
110594675,1370,1564160
110594676,1274,1340260
110594677,1296,1346090
110594678,1279,1720996
110594679,1745,1769410
110594680,834,398781
110594681,1275,1221850
110594682,1393,1353104
110594683,1090,1309848
110594684,1802,1643156
110594685,1920,1709111
110594686,1592,1374408
110594687,1388,1447316
110594688,4040,4460067
110594689,1882,3287035
110594690,798,2590619
110594691,2138,2537614
110594692,1319,1042678
110594693,1430,1472021
110594694,1176,1750223
110594695,1758,2004833
110594696,2102,2212038
110594697,2010,2968228
110594698,1374,2379036
110594699,1565,1853749
110594700,3603,3173568
110594701,1733,1580267
110594702,1759,1859135
110594703,967,2100632
110594704,1501,1238339
110594705,1626,1305291
110594706,1746,1566763
110594707,1611,1173606
110594708,3399,2506657
110594709,1303,2434675
110594710,1355,1063876
110594711,538,1264797
110594712,2878,1528941
110594713,1918,1621482
110594714,2074,926405
110594715,1154,2493486
110594716,2790,1741831
110594717,1386,2146888
110594718,2084,2420430
110594719,461,1361888
110594720,3085,1170270
110594721,1070,1565250
110594722,1417,1439737
110594723,520,1792738
110594724,2642,1027408
110594725,1677,1836734
110594726,1865,2508507
110594727,1090,3061224
110594728,1931,2074528
110594729,1491,2337226
110594730,1584,1614459
110594731,784,2295859
110594732,2117,1553573
110594733,2078,2440235
110594734,1799,1894469
110594735,1165,2100688
110594736,1217,1151198
110594737,2134,1691769
110594738,1481,1819327
110594739,877,2571728
110594740,3900,4023822
110594741,1320,2225276
110594742,1844,2153312
110594743,1562,2487253
110594744,3417,2501111
110594745,875,2119029
110594746,2380,1853840
110594747,656,1603425
110594748,3342,2679944
110594749,332,1895145
110594750,1835,1313082
110594751,1214,1639374
110594752,1718,836680
110594753,1384,1802649
110594754,1727,1380851
110594755,690,1733562
110594756,2254,1856177
110594757,1870,1841942
110594758,1539,1636019
110594759,1309,1502477
110594760,4253,3132088
110594761,476,2897552
110594762,2564,1323287
110594763,629,2215959
110594764,1536,995560
110594765,1880,1464964
110594766,1544,1253277
110594767,522,1722183
110594768,3161,2361241
110594769,1459,1904670
110594770,1743,1512639
110594771,863,1541748
110594772,1587,918324
110594773,1900,1803725
110594774,1762,1416400
110594775,789,1723563
110594776,959,1164002
110594777,1385,1441160
110594778,1685,1509355
110594779,1809,1802155
110594780,1013,44553
110594781,1385,847745
110594782,1289,1192395
110594783,1134,1002298
110594784,1353,940031
110594785,1486,2136387
110594786,1532,1643470
110594787,1500,1181323
110594788,1865,1788227
110594789,1796,1845637
110594790,2253,1787207
110594791,1538,1553152
110594792,1566,1085556
110594793,894,1090831
110594794,1198,1522622
110594795,1317,2173185
110594796,1911,771402
110594797,1768,2099919
110594798,1721,1686624
110594799,1690,2064930
110594800,3020,1863575
110594801,2112,2713269
110594802,2365,4031958
110594803,913,3328206
110594804,1460,1362795
110594805,1613,1369755
110594806,1415,1245264
110594807,1733,2245403
110594808,3995,2888677
110594809,1159,2460110
110594810,1280,2756566
110594811,557,2053298
110594812,0,0
110594813,0,0
110594814,0,0
110594815,0,0
110594816,2108,3103381
110594817,375,2025645
110594818,1753,1423786
110594819,571,1830811
110594820,0,0
110594821,0,0
110594822,0,0
110594823,0,0
110594824,0,0
110594825,1631,1474397
110594826,515,3147010
110594827,982,2681502
110594828,1984,1592427
110594829,1738,1789738
110594830,1607,1293572
110594831,662,1723054
110594832,3861,2990287
110594833,1298,2672825
110594834,2475,1786407
110594835,640,1627195
110594836,1315,1763245
110594837,1958,2329159
110594838,2060,2385419
110594839,512,3091383
110594840,1904,2063125
110594841,1989,2369182
110594842,1653,1968365
110594843,1028,2178171
110594844,1500,1683551
110594845,1791,2236094
110594846,1655,2068725
110594847,1078,1822839
110594848,1710,1727066
110594849,1850,1694107
110594850,1286,1128496
110594851,1801,1596223
110594852,2163,1460415
110594853,1852,2303918
110594854,915,2332745
110594855,1889,1994742
110594856,1897,595567
110594857,1362,960440
110594858,740,891754
110594859,1379,893546
110594860,1563,1205802
110594861,1759,1422202
110594862,1499,2074860
110594863,1599,1767555
110594864,1678,1546501
110594865,1614,1877580
110594866,1329,1374342
110594867,1764,1498721
110594868,2224,1692818
110594869,1811,1588641
110594870,1881,2016026
110594871,1012,2063640
110594872,3221,2724447
110594873,1871,2235979
110594874,1713,2500734
110594875,1048,2185139
110594876,1980,1246892
110594877,1943,1374135
110594878,1696,1469275
110594879,1649,2127099
110594880,1295,737201
110594881,1207,1460018
110594882,1613,1373122
110594883,1754,2169911
110594884,1174,1972907
110594885,1525,1557505
110594886,1490,1476746
110594887,1413,1975459
110594888,1649,1261719
110594889,1597,1785255
110594890,1589,1664981
110594891,1595,1802840
110594892,4082,4790984
110594893,1771,4203207
110594894,1768,2520622
110594895,797,1901736
110594896,0,0
110594897,1612,1325971
110594898,1552,2546263
110594899,1483,1782736
110594900,3654,2258319
110594901,1658,2440072
110594902,1352,1347155
110594903,1210,1358000
110594904,3034,1729137
110594905,1044,1938699
110594906,2078,1921266
110594907,684,1566036
110594908,2056,1319212
110594909,2428,1874985
110594910,1588,1371482
110594911,1411,1412035
110594912,2229,1657492
110594913,720,2319687
110594914,842,1125588
110594915,1062,2233400
110594916,0,0
110594917,0,0
110594918,0,0
110594919,0,0
110594920,1386,2259502
110594921,596,2496004
110594922,1772,1432715
110594923,1075,2213052
110594924,2727,2279087
110594925,1374,1829830
110594926,2361,1359302
110594927,678,1807288
110594928,2838,1298051
110594929,802,2738419
110594930,2521,1586814
110594931,367,1817576
110594932,2392,1892412
110594933,892,2144343
110594934,1355,1591176
110594935,1100,2168960
110594936,1794,1569820
110594937,1877,1785512
110594938,1921,1628609
110594939,708,1422669
110594940,3396,1433729
110594941,1061,1888110
110594942,2245,1562076
110594943,608,1767987
110594944,2851,1744590
110594945,840,2381839
110594946,1265,1875164
110594947,1774,1605700
110594948,2556,2059324
110594949,894,1649130
110594950,1365,1177383
110594951,1586,1210223
110594952,1850,1696658
110594953,1626,1730186
110594954,1502,1365885
110594955,792,1549219
110594956,1231,1763147
110594957,1588,1641616
110594958,1321,1664247
110594959,1418,1718060
110594960,1805,1716015
110594961,1862,2415077
110594962,1760,1853694
110594963,1801,1831768
110594964,1652,1484356
110594965,1776,1663630
110594966,1451,1317129
110594967,1365,1325662
110594968,1556,1998121
110594969,1988,2176032
110594970,1546,2529350
110594971,1535,1832935
110594972,3552,2398695
110594973,1317,2771252
110594974,700,2107967
110594975,1654,1834627
110594976,0,0
110594977,2242,1219536
110594978,1268,1628673
110594979,1289,1822814
110594980,1885,1839996
110594981,1763,2584628
110594982,1669,1713269
110594983,938,1868095
110594984,1304,1658376
110594985,1883,1756712
110594986,1331,1459832
110594987,1512,1846786
110594988,1832,2034025
110594989,1718,1768657
110594990,1425,1399231
110594991,1854,2648408
110594992,2581,1108272
110594993,1872,3391270
110594994,1449,3371515
110594995,1194,2651028
110594996,4087,2505852
110594997,1463,4850933
110594998,2201,2734916
110594999,1229,2579329
110595000,2869,2348145
110595001,0,0
110595002,0,0
110595003,0,0
110595004,0,0
110595005,1756,1886960
110595006,488,2501182
110595007,695,2578450
110595008,0,0
110595009,0,0
110595010,0,0
110595011,0,0
110595012,1626,1943315
110595013,652,3154716
110595014,1534,1921795
110595015,1209,1289315
110595016,1835,843679
110595017,848,901824
110595018,753,1052412
110595019,362,1561681
110595020,0,0
110595021,0,0
110595022,0,0
110595023,0,0
110595024,0,0
110595025,0,0
110595026,0,0
110595027,0,0
110595028,1589,1561299
110595029,482,2625549
110595030,1792,3192020
110595031,992,2120256
110595032,2598,3659644
110595033,842,3402216
110595034,1405,1707841
110595035,1244,1606995
110595036,1476,871902
110595037,1667,1506757
110595038,1387,1202152
110595039,767,1107546
110595040,1482,577750
110595041,1474,1389451
110595042,1181,1634258
110595043,1188,1462932
110595044,1390,1312210
110595045,1542,1519978
110595046,1756,1379672
